Workbook

Sheet README
B2: MLB NRFI Betting Model
B3: No Runs First Inning — Probability & Expected Value Calculator
B6: Purpose | C6: Estimate the probability that no runs are scored in the first inning of an MLB game, combine probabilities into a parlay, and compare implied vs. sportsbook odds to identify +EV bets.
B7: Methodology | C7: Pitcher 1st-inning scoreless rate is a strong baseline predictor. The model blends (1) starting pitcher 1st-inning NRFI rate, (2) opposing lineup's 1st-inning scoring rate, and (3) ballpark factor. A logistic blend converts these into a single per-game NRFI probability.
B8: Sheets | C8: 1) README — this sheet
C9: 2) Inputs — pitcher, lineup, and ballpark data (edit BLUE cells)
C10: 3) Model — game-by-game NRFI probability calc
C11: 4) Parlay — combine selected games and compute parlay EV vs. book odds
B12: Color Key | C12: BLUE text = user input | BLACK text = formula | YELLOW fill = key assumption
B13: Disclaimer | C13: Educational model only. Past performance does not guarantee future results. Bet responsibly.

Sheet Inputs
B2: Inputs — Pitcher & Lineup Data
B4: Global Assumptions
B5: League-wide 1st inning NRFI rate (2024) | C5: 0.585 | D5: Source: Baseball Savant / Statcast
B6: Weight: Starting Pitcher | C6: 0.5 | D6: Sum of weights must = 100%
B7: Weight: Opposing Lineup | C7: 0.35 | D7: Sum of weights must = 100%
B8: Weight: Ballpark Factor | C8: 0.15 | D8: Sum of weights must = 100%
B9: Weight check (must = 100%) | C9: =SUM(C6:C8) -> 1
B12: Today's Game Slate — Edit BLUE cells with current data
B13: Game # | C13: Away Team | D13: Home Team | E13: Away SP | F13: Away SP 1st Inn NRFI % | G13: Home SP | H13: Home SP 1st Inn NRFI % | I13: Away Team 1st Inn Score % | J13: Home Team 1st Inn Score % | K13: Ballpark | L13: Park 1st Inn Run Factor
B14: 1 | C14: NYY | D14: BOS | E14: Cole | F14: 0.72 | G14: Crochet | H14: 0.68 | I14: 0.42 | J14: 0.4 | K14: Fenway Park | L14: 1.08
B15: 2 | C15: LAD | D15: SF | E15: Yamamoto | F15: 0.71 | G15: Webb | H15: 0.74 | I15: 0.38 | J15: 0.36 | K15: Oracle Park | L15: 0.92
B16: 3 | C16: HOU | D16: TEX | E16: Valdez | F16: 0.69 | G16: deGrom | H16: 0.78 | I16: 0.41 | J16: 0.39 | K16: Globe Life Field | L16: 1.04
B17: 4 | C17: PHI | D17: ATL | E17: Wheeler | F17: 0.75 | G17: Sale | H17: 0.71 | I17: 0.39 | J17: 0.43 | K17: Truist Park | L17: 1.06
B18: 5 | C18: MIL | D18: CHC | E18: Peralta | F18: 0.65 | G18: Imanaga | H18: 0.7 | I18: 0.4 | J18: 0.38 | K18: Wrigley Field | L18: 1.02
B19: 6 | C19: SD | D19: ARI | E19: King | F19: 0.68 | G19: Gallen | H19: 0.73 | I19: 0.37 | J19: 0.41 | K19: Chase Field | L19: 1.05
B20: 7 | C20: TOR | D20: BAL | E20: Gausman | F20: 0.66 | G20: Burnes | H20: 0.76 | I20: 0.42 | J20: 0.4 | K20: Camden Yards | L20: 1.07
B21: 8 | C21: MIN | D21: CLE | E21: Lopez | F21: 0.7 | G21: Bibee | H21: 0.67 | I21: 0.39 | J21: 0.38 | K21: Progressive Fld | L21: 0.98
B22: 9 | C22: STL | D22: CIN | E22: Gray | F22: 0.69 | G22: Greene | H22: 0.65 | I22: 0.41 | J22: 0.44 | K22: Great Amer BP | L22: 1.12
B23: 10 | C23: OAK | D23: SEA | E23: Sears | F23: 0.6 | G23: Castillo | H23: 0.72 | I23: 0.4 | J23: 0.37 | K23: T-Mobile Park | L23: 0.94

Sheet Model
B2: Model — Per-Game NRFI Probability
B4: Formula: P(NRFI) = w_SP * AVG(both SPs NRFI%) + w_Lineup * (1 - AVG(both lineups 1st inn score%)) + w_Park * (League NRFI% / Park Factor)
B6: Game | C6: Away | D6: Home | E6: SP Component | F6: Lineup Component | G6: Park Component | H6: Model P(NRFI) | I6: Implied Odds | J6: Book Odds (Amer.) | K6: Book Implied % | L6: Edge | M6: Bet?
B7: 1 | C7: =Inputs!C14 -> NYY | D7: =Inputs!D14 -> BOS | E7: =AVERAGE(Inputs!F14,Inputs!H14) -> 0.7 | F7: =1-AVERAGE(Inputs!I14,Inputs!J14) -> 0.59 | G7: =Inputs!$C$5/Inputs!L14 -> 0.54166667 | H7: =Inputs!$C$6*E7 + Inputs!$C$7*F7 + Inputs!$C$8*G7 -> 0.63775 | I7: =1/H7 -> 1.5680125 | J7: -115 | K7: =IF(J7<0, -J7/(-J7+100), 100/(J7+100)) -> 0.53488372 | L7: =H7-K7 -> 0.10286628 | M7: =IF(L7>=0.03,"YES",IF(L7>=0,"LEAN","PASS")) -> YES
B8: 2 | C8: =Inputs!C15 -> LAD | D8: =Inputs!D15 -> SF | E8: =AVERAGE(Inputs!F15,Inputs!H15) -> 0.725 | F8: =1-AVERAGE(Inputs!I15,Inputs!J15) -> 0.63 | G8: =Inputs!$C$5/Inputs!L15 -> 0.63586957 | H8: =Inputs!$C$6*E8 + Inputs!$C$7*F8 + Inputs!$C$8*G8 -> 0.67838043 | I8: =1/H8 -> 1.4740991 | J8: -125 | K8: =IF(J8<0, -J8/(-J8+100), 100/(J8+100)) -> 0.55555556 | L8: =H8-K8 -> 0.12282488 | M8: =IF(L8>=0.03,"YES",IF(L8>=0,"LEAN","PASS")) -> YES
B9: 3 | C9: =Inputs!C16 -> HOU | D9: =Inputs!D16 -> TEX | E9: =AVERAGE(Inputs!F16,Inputs!H16) -> 0.735 | F9: =1-AVERAGE(Inputs!I16,Inputs!J16) -> 0.6 | G9: =Inputs!$C$5/Inputs!L16 -> 0.5625 | H9: =Inputs!$C$6*E9 + Inputs!$C$7*F9 + Inputs!$C$8*G9 -> 0.661875 | I9: =1/H9 -> 1.5108593 | J9: -130 | K9: =IF(J9<0, -J9/(-J9+100), 100/(J9+100)) -> 0.56521739 | L9: =H9-K9 -> 0.096657609 | M9: =IF(L9>=0.03,"YES",IF(L9>=0,"LEAN","PASS")) -> YES
B10: 4 | C10: =Inputs!C17 -> PHI | D10: =Inputs!D17 -> ATL | E10: =AVERAGE(Inputs!F17,Inputs!H17) -> 0.73 | F10: =1-AVERAGE(Inputs!I17,Inputs!J17) -> 0.59 | G10: =Inputs!$C$5/Inputs!L17 -> 0.55188679 | H10: =Inputs!$C$6*E10 + Inputs!$C$7*F10 + Inputs!$C$8*G10 -> 0.65428302 | I10: =1/H10 -> 1.5283906 | J10: -140 | K10: =IF(J10<0, -J10/(-J10+100), 100/(J10+100)) -> 0.58333333 | L10: =H10-K10 -> 0.070949686 | M10: =IF(L10>=0.03,"YES",IF(L10>=0,"LEAN","PASS")) -> YES
B11: 5 | C11: =Inputs!C18 -> MIL | D11: =Inputs!D18 -> CHC | E11: =AVERAGE(Inputs!F18,Inputs!H18) -> 0.675 | F11: =1-AVERAGE(Inputs!I18,Inputs!J18) -> 0.61 | G11: =Inputs!$C$5/Inputs!L18 -> 0.57352941 | H11: =Inputs!$C$6*E11 + Inputs!$C$7*F11 + Inputs!$C$8*G11 -> 0.63702941 | I11: =1/H11 -> 1.5697862 | J11: -110 | K11: =IF(J11<0, -J11/(-J11+100), 100/(J11+100)) -> 0.52380952 | L11: =H11-K11 -> 0.11321989 | M11: =IF(L11>=0.03,"YES",IF(L11>=0,"LEAN","PASS")) -> YES
B12: 6 | C12: =Inputs!C19 -> SD | D12: =Inputs!D19 -> ARI | E12: =AVERAGE(Inputs!F19,Inputs!H19) -> 0.705 | F12: =1-AVERAGE(Inputs!I19,Inputs!J19) -> 0.61 | G12: =Inputs!$C$5/Inputs!L19 -> 0.55714286 | H12: =Inputs!$C$6*E12 + Inputs!$C$7*F12 + Inputs!$C$8*G12 -> 0.64957143 | I12: =1/H12 -> 1.5394766 | J12: -120 | K12: =IF(J12<0, -J12/(-J12+100), 100/(J12+100)) -> 0.54545455 | L12: =H12-K12 -> 0.10411688 | M12: =IF(L12>=0.03,"YES",IF(L12>=0,"LEAN","PASS")) -> YES
B13: 7 | C13: =Inputs!C20 -> TOR | D13: =Inputs!D20 -> BAL | E13: =AVERAGE(Inputs!F20,Inputs!H20) -> 0.71 | F13: =1-AVERAGE(Inputs!I20,Inputs!J20) -> 0.59 | G13: =Inputs!$C$5/Inputs!L20 -> 0.54672897 | H13: =Inputs!$C$6*E13 + Inputs!$C$7*F13 + Inputs!$C$8*G13 -> 0.64350935 | I13: =1/H13 -> 1.553979 | J13: -135 | K13: =IF(J13<0, -J13/(-J13+100), 100/(J13+100)) -> 0.57446809 | L13: =H13-K13 -> 0.069041261 | M13: =IF(L13>=0.03,"YES",IF(L13>=0,"LEAN","PASS")) -> YES
B14: 8 | C14: =Inputs!C21 -> MIN | D14: =Inputs!D21 -> CLE | E14: =AVERAGE(Inputs!F21,Inputs!H21) -> 0.685 | F14: =1-AVERAGE(Inputs!I21,Inputs!J21) -> 0.615 | G14: =Inputs!$C$5/Inputs!L21 -> 0.59693878 | H14: =Inputs!$C$6*E14 + Inputs!$C$7*F14 + Inputs!$C$8*G14 -> 0.64729082 | I14: =1/H14 -> 1.5449006 | J14: -105 | K14: =IF(J14<0, -J14/(-J14+100), 100/(J14+100)) -> 0.51219512 | L14: =H14-K14 -> 0.13509569 | M14: =IF(L14>=0.03,"YES",IF(L14>=0,"LEAN","PASS")) -> YES
B15: 9 | C15: =Inputs!C22 -> STL | D15: =Inputs!D22 -> CIN | E15: =AVERAGE(Inputs!F22,Inputs!H22) -> 0.67 | F15: =1-AVERAGE(Inputs!I22,Inputs!J22) -> 0.575 | G15: =Inputs!$C$5/Inputs!L22 -> 0.52232143 | H15: =Inputs!$C$6*E15 + Inputs!$C$7*F15 + Inputs!$C$8*G15 -> 0.61459821 | I15: =1/H15 -> 1.6270792 | J15: -125 | K15: =IF(J15<0, -J15/(-J15+100), 100/(J15+100)) -> 0.55555556 | L15: =H15-K15 -> 0.059042659 | M15: =IF(L15>=0.03,"YES",IF(L15>=0,"LEAN","PASS")) -> YES
B16: 10 | C16: =Inputs!C23 -> OAK | D16: =Inputs!D23 -> SEA | E16: =AVERAGE(Inputs!F23,Inputs!H23) -> 0.66 | F16: =1-AVERAGE(Inputs!I23,Inputs!J23) -> 0.615 | G16: =Inputs!$C$5/Inputs!L23 -> 0.62234043 | H16: =Inputs!$C$6*E16 + Inputs!$C$7*F16 + Inputs!$C$8*G16 -> 0.63860106 | I16: =1/H16 -> 1.5659229 | J16: -100 | K16: =IF(J16<0, -J16/(-J16+100), 100/(J16+100)) -> 0.5 | L16: =H16-K16 -> 0.13860106 | M16: =IF(L16>=0.03,"YES",IF(L16>=0,"LEAN","PASS")) -> YES

Sheet Parlay
B2: NRFI Parlay Calculator
B3: Select games for the parlay (set Include = 1). Model assumes independence.
B5: Game | C5: Matchup | D5: Model P(NRFI) | E5: Book Odds | F5: Include (1/0) | G5: Prob factor | H5: Odds factor
B6: =Model!B7 -> 1 | C6: =Model!C7&" @ "&Model!D7 -> NYY @ BOS | D6: =Model!H7 -> 0.63775 | E6: =Model!J7 -> -115 | F6: 1 | G6: =IF(F6=1, D6, 1) -> 0.63775 | H6: =IF(F6=1, IF(E6<0, 1+100/(-E6), 1+E6/100), 1) -> 1.8695652
B7: =Model!B8 -> 2 | C7: =Model!C8&" @ "&Model!D8 -> LAD @ SF | D7: =Model!H8 -> 0.67838043 | E7: =Model!J8 -> -125 | F7: 0 | G7: =IF(F7=1, D7, 1) -> 1 | H7: =IF(F7=1, IF(E7<0, 1+100/(-E7), 1+E7/100), 1) -> 1
B8: =Model!B9 -> 3 | C8: =Model!C9&" @ "&Model!D9 -> HOU @ TEX | D8: =Model!H9 -> 0.661875 | E8: =Model!J9 -> -130 | F8: 1 | G8: =IF(F8=1, D8, 1) -> 0.661875 | H8: =IF(F8=1, IF(E8<0, 1+100/(-E8), 1+E8/100), 1) -> 1.7692308
B9: =Model!B10 -> 4 | C9: =Model!C10&" @ "&Model!D10 -> PHI @ ATL | D9: =Model!H10 -> 0.65428302 | E9: =Model!J10 -> -140 | F9: 1 | G9: =IF(F9=1, D9, 1) -> 0.65428302 | H9: =IF(F9=1, IF(E9<0, 1+100/(-E9), 1+E9/100), 1) -> 1.7142857
B10: =Model!B11 -> 5 | C10: =Model!C11&" @ "&Model!D11 -> MIL @ CHC | D10: =Model!H11 -> 0.63702941 | E10: =Model!J11 -> -110 | F10: 0 | G10: =IF(F10=1, D10, 1) -> 1 | H10: =IF(F10=1, IF(E10<0, 1+100/(-E10), 1+E10/100), 1) -> 1
B11: =Model!B12 -> 6 | C11: =Model!C12&" @ "&Model!D12 -> SD @ ARI | D11: =Model!H12 -> 0.64957143 | E11: =Model!J12 -> -120 | F11: 0 | G11: =IF(F11=1, D11, 1) -> 1 | H11: =IF(F11=1, IF(E11<0, 1+100/(-E11), 1+E11/100), 1) -> 1
B12: =Model!B13 -> 7 | C12: =Model!C13&" @ "&Model!D13 -> TOR @ BAL | D12: =Model!H13 -> 0.64350935 | E12: =Model!J13 -> -135 | F12: 1 | G12: =IF(F12=1, D12, 1) -> 0.64350935 | H12: =IF(F12=1, IF(E12<0, 1+100/(-E12), 1+E12/100), 1) -> 1.7407407
B13: =Model!B14 -> 8 | C13: =Model!C14&" @ "&Model!D14 -> MIN @ CLE | D13: =Model!H14 -> 0.64729082 | E13: =Model!J14 -> -105 | F13: 0 | G13: =IF(F13=1, D13, 1) -> 1 | H13: =IF(F13=1, IF(E13<0, 1+100/(-E13), 1+E13/100), 1) -> 1
B14: =Model!B15 -> 9 | C14: =Model!C15&" @ "&Model!D15 -> STL @ CIN | D14: =Model!H15 -> 0.61459821 | E14: =Model!J15 -> -125 | F14: 1 | G14: =IF(F14=1, D14, 1) -> 0.61459821 | H14: =IF(F14=1, IF(E14<0, 1+100/(-E14), 1+E14/100), 1) -> 1.8
B15: =Model!B16 -> 10 | C15: =Model!C16&" @ "&Model!D16 -> OAK @ SEA | D15: =Model!H16 -> 0.63860106 | E15: =Model!J16 -> -100 | F15: 0 | G15: =IF(F15=1, D15, 1) -> 1 | H15: =IF(F15=1, IF(E15<0, 1+100/(-E15), 1+E15/100), 1) -> 1
B17: Parlay Summary
B18: Legs included | C18: =SUM(F6:F15) -> 5
B19: Model parlay probability | C19: =PRODUCT(G6:G15) -> 0.10922907
B20: Book decimal odds (product) | C20: =PRODUCT(H6:H15) -> 17.767033
B21: Stake ($) | C21: 100
B22: Potential payout | C22: =C21*C20 -> 1776.7033
B23: Expected value ($) | C23: =C19*(C22-C21) + (1-C19)*(-C21) -> 94.067653
B24: ROI % | C24: =C23/C21 -> 0.94067653
B26: Note: Independence assumption likely overstates parlay probability slightly (correlated weather, umpire, etc.). Use as upper bound.
